source,target,data_size
33,1,1024
33,2,1024
33,3,1024
33,4,1024
33,5,1024
33,6,1024
33,7,1024
33,8,1024
33,9,1024
33,10,1024
33,11,1024
33,12,1024
33,13,1024
33,14,1024
33,15,1024
33,16,1024
33,17,1024
33,18,1024
33,19,1024
33,20,1024
33,21,1024
33,22,1024
33,23,1024
33,24,1024
33,25,1024
33,26,1024
33,27,1024
33,28,1024
33,29,1024
33,30,1024
33,31,1024
33,32,1024
33,34,1024
33,35,1024
33,36,1024
33,37,1024
33,38,1024
33,39,1024
33,40,1024
33,41,1024
33,42,1024
33,43,1024
33,44,1024
33,45,1024
33,46,1024
33,47,1024
33,48,1024
33,49,1024
33,50,1024
33,51,1024
33,52,1024
33,53,1024
33,54,1024
33,55,1024
33,56,1024
33,57,1024
33,58,1024
33,59,1024
33,60,1024
33,61,1024
33,62,1024
33,63,1024
33,64,1024
33,65,1024
66,67,1024
66,68,1024
66,69,1024
66,70,1024
66,71,1024
66,72,1024
66,73,1024
66,74,1024
66,75,1024
66,76,1024
66,77,1024
66,78,1024
66,79,1024
66,80,1024
66,81,1024
66,82,1024
66,83,1024
66,84,1024
88,91,1024
88,92,1024
89,91,1024
89,92,1024
90,91,1024
90,92,1024
93,1,1024
93,2,1024
93,3,1024
93,4,1024
93,5,1024
93,6,1024
93,7,1024
93,8,1024
93,9,1024
93,10,1024
93,11,1024
93,12,1024
93,13,1024
93,14,1024
93,15,1024
93,16,1024
93,17,1024
93,18,1024
93,19,1024
93,20,1024
93,21,1024
93,22,1024
93,23,1024
93,24,1024
93,25,1024
93,26,1024
93,27,1024
93,28,1024
93,29,1024
93,30,1024
93,31,1024
93,32,1024
93,33,1024
93,34,1024
93,35,1024
93,36,1024
93,37,1024
93,38,1024
93,39,1024
93,40,1024
93,41,1024
93,42,1024
93,43,1024
93,44,1024
93,45,1024
93,46,1024
93,47,1024
93,48,1024
93,49,1024
93,50,1024
93,51,1024
93,52,1024
93,53,1024
93,54,1024
93,55,1024
93,56,1024
93,57,1024
93,58,1024
93,59,1024
93,60,1024
93,61,1024
93,62,1024
93,63,1024
93,64,1024
93,65,1024
93,67,1024
93,68,1024
93,69,1024
93,70,1024
93,71,1024
93,72,1024
93,73,1024
93,74,1024
93,75,1024
93,76,1024
93,77,1024
93,78,1024
93,79,1024
93,80,1024
93,81,1024
93,82,1024
93,83,1024
93,84,1024
93,88,1024
93,89,1024
93,90,1024
93,94,1024
93,95,1024
93,96,1024
93,97,1024
94,1,1024
94,2,1024
94,3,1024
94,4,1024
94,5,1024
94,6,1024
94,7,1024
94,8,1024
94,9,1024
94,10,1024
94,11,1024
94,12,1024
94,13,1024
94,14,1024
94,15,1024
94,16,1024
94,17,1024
94,18,1024
94,19,1024
94,20,1024
94,21,1024
94,22,1024
94,23,1024
94,24,1024
94,25,1024
94,26,1024
94,27,1024
94,28,1024
94,29,1024
94,30,1024
94,31,1024
94,32,1024
94,33,1024
94,34,1024
94,35,1024
94,36,1024
94,37,1024
94,38,1024
94,39,1024
94,40,1024
94,41,1024
94,42,1024
94,43,1024
94,44,1024
94,45,1024
94,46,1024
94,47,1024
94,48,1024
94,49,1024
94,50,1024
94,51,1024
94,52,1024
94,53,1024
94,54,1024
94,55,1024
94,56,1024
94,57,1024
94,58,1024
94,59,1024
94,60,1024
94,61,1024
94,62,1024
94,63,1024
94,64,1024
94,65,1024
94,67,1024
94,68,1024
94,69,1024
94,70,1024
94,71,1024
94,72,1024
94,73,1024
94,74,1024
94,75,1024
94,76,1024
94,77,1024
94,78,1024
94,79,1024
94,80,1024
94,81,1024
94,82,1024
94,83,1024
94,84,1024
94,95,1024
94,96,1024
94,97,1024
95,96,1024
95,97,1024
98,99,1024
98,100,1024
98,101,1024
98,102,1024
99,100,1024
99,101,1024
99,102,1024
100,101,1024
100,102,1024
103,104,1024
103,105,1024
103,106,1024
103,107,1024
104,105,1024
104,106,1024
104,107,1024
105,106,1024
105,107,1024
108,109,1024
108,110,1024
108,111,1024
108,112,1024
109,110,1024
109,111,1024
109,112,1024
110,111,1024
110,112,1024
146,114,1024
146,115,1024
146,116,1024
146,117,1024
146,118,1024
146,119,1024
146,120,1024
146,121,1024
146,122,1024
146,123,1024
146,124,1024
146,125,1024
146,126,1024
146,127,1024
146,128,1024
146,129,1024
146,130,1024
146,131,1024
146,132,1024
146,133,1024
146,134,1024
146,135,1024
146,136,1024
146,137,1024
146,138,1024
146,139,1024
146,140,1024
146,141,1024
146,142,1024
146,143,1024
146,144,1024
146,145,1024
146,147,1024
146,148,1024
146,149,1024
146,150,1024
146,151,1024
146,152,1024
146,153,1024
146,154,1024
146,155,1024
146,156,1024
146,157,1024
146,158,1024
146,159,1024
146,160,1024
146,161,1024
146,162,1024
146,163,1024
146,164,1024
146,165,1024
146,166,1024
146,167,1024
146,168,1024
146,169,1024
146,170,1024
146,171,1024
146,172,1024
146,173,1024
146,174,1024
146,175,1024
146,176,1024
146,177,1024
146,178,1024
179,180,1024
179,181,1024
179,182,1024
179,183,1024
179,184,1024
179,185,1024
179,186,1024
179,187,1024
179,188,1024
179,189,1024
179,190,1024
179,191,1024
179,192,1024
179,193,1024
179,194,1024
179,195,1024
179,196,1024
179,197,1024
201,204,1024
201,205,1024
202,204,1024
202,205,1024
203,204,1024
203,205,1024
206,114,1024
206,115,1024
206,116,1024
206,117,1024
206,118,1024
206,119,1024
206,120,1024
206,121,1024
206,122,1024
206,123,1024
206,124,1024
206,125,1024
206,126,1024
206,127,1024
206,128,1024
206,129,1024
206,130,1024
206,131,1024
206,132,1024
206,133,1024
206,134,1024
206,135,1024
206,136,1024
206,137,1024
206,138,1024
206,139,1024
206,140,1024
206,141,1024
206,142,1024
206,143,1024
206,144,1024
206,145,1024
206,146,1024
206,147,1024
206,148,1024
206,149,1024
206,150,1024
206,151,1024
206,152,1024
206,153,1024
206,154,1024
206,155,1024
206,156,1024
206,157,1024
206,158,1024
206,159,1024
206,160,1024
206,161,1024
206,162,1024
206,163,1024
206,164,1024
206,165,1024
206,166,1024
206,167,1024
206,168,1024
206,169,1024
206,170,1024
206,171,1024
206,172,1024
206,173,1024
206,174,1024
206,175,1024
206,176,1024
206,177,1024
206,178,1024
206,180,1024
206,181,1024
206,182,1024
206,183,1024
206,184,1024
206,185,1024
206,186,1024
206,187,1024
206,188,1024
206,189,1024
206,190,1024
206,191,1024
206,192,1024
206,193,1024
206,194,1024
206,195,1024
206,196,1024
206,197,1024
206,201,1024
206,202,1024
206,203,1024
206,207,1024
206,208,1024
206,209,1024
206,210,1024
207,114,1024
207,115,1024
207,116,1024
207,117,1024
207,118,1024
207,119,1024
207,120,1024
207,121,1024
207,122,1024
207,123,1024
207,124,1024
207,125,1024
207,126,1024
207,127,1024
207,128,1024
207,129,1024
207,130,1024
207,131,1024
207,132,1024
207,133,1024
207,134,1024
207,135,1024
207,136,1024
207,137,1024
207,138,1024
207,139,1024
207,140,1024
207,141,1024
207,142,1024
207,143,1024
207,144,1024
207,145,1024
207,146,1024
207,147,1024
207,148,1024
207,149,1024
207,150,1024
207,151,1024
207,152,1024
207,153,1024
207,154,1024
207,155,1024
207,156,1024
207,157,1024
207,158,1024
207,159,1024
207,160,1024
207,161,1024
207,162,1024
207,163,1024
207,164,1024
207,165,1024
207,166,1024
207,167,1024
207,168,1024
207,169,1024
207,170,1024
207,171,1024
207,172,1024
207,173,1024
207,174,1024
207,175,1024
207,176,1024
207,177,1024
207,178,1024
207,180,1024
207,181,1024
207,182,1024
207,183,1024
207,184,1024
207,185,1024
207,186,1024
207,187,1024
207,188,1024
207,189,1024
207,190,1024
207,191,1024
207,192,1024
207,193,1024
207,194,1024
207,195,1024
207,196,1024
207,197,1024
207,208,1024
207,209,1024
207,210,1024
208,209,1024
208,210,1024
211,212,1024
211,213,1024
211,214,1024
211,215,1024
212,213,1024
212,214,1024
212,215,1024
213,214,1024
213,215,1024
216,217,1024
216,218,1024
216,219,1024
216,220,1024
217,218,1024
217,219,1024
217,220,1024
218,219,1024
218,220,1024
221,222,1024
221,223,1024
221,224,1024
221,225,1024
222,223,1024
222,224,1024
222,225,1024
223,224,1024
223,225,1024
